Views,Title,Link
1.2M views,Zadruga 4 - Brutalan sukob Vladimira i Danijela - 06.02.2021.,https://www.youtube.com/watch?v=0JRC3QWAb80
414K views,"Ovako je grupa Velje Nevolje namamila Milana Ljepoju u kuƒáu u Ritopeku, odakle nikad nije iza≈°ao",https://www.youtube.com/watch?v=86Hy23h4Nzk
707K views,Milica Pavlovic - Crna jutra (Balkan S&M) - Official Video 2021,https://www.youtube.com/watch?v=l7N9xD7hspE
529K views,Ana Koraƒá o raskidu sa Davidom (Ami G Show S13),https://www.youtube.com/watch?v=0v__GutEGpY
212K views,Predrag Popoviƒá: O vezi Velje Nevolje sa Danilom i Aleksandrom Vuƒçiƒáem,https://www.youtube.com/watch?v=cZxiwo9F5TA
18M views,The Weeknd‚Äôs FULL Pepsi Super Bowl LV Halftime Show,https://www.youtube.com/watch?v=9rhadTURsrw
436K views,Ana Koraƒá o tome ≈°to je Maja Marinkoviƒá kopira (Ami G Show S13),https://www.youtube.com/watch?v=9mx-4l5Gp0Y
209K views,UHAPSEN NAJOPASNIJI COVEK BEOGRADA VELJA NEVOLJA??!,https://www.youtube.com/watch?v=y64v9L1grWk
200K views,Ko su Veljko Belivuk i ƒçlanovi njegove kriminalne grupe,https://www.youtube.com/watch?v=GlYDpFAKA2g
107K views,"7 na N1: ≈†okirao klan Belivuka, tek ƒáe iznenaditi nove vakcine koje sti≈æu",https://www.youtube.com/watch?v=7Mddv4jTZdc
112K views,Mila Aleƒçkoviƒá - Uskoro ƒáe ljudi saznati da je sve ovo najveƒáa prevara 21. veka!,https://www.youtube.com/watch?v=UEWJXf4bA6w
594K views,DZENAN LONCAREVIC - ZIVOTE DUSE MOJE (OFFICIAL VIDEO),https://www.youtube.com/watch?v=kk3NaShjMZk
117K views,Vuƒçiƒá na pitanja Insajdera: Nadle≈æni proveravaju povezanost Veljka Belivuka sa dr≈æavnim strukturama,https://www.youtube.com/watch?v=1MyReQjqJ_M
165K views,üÉè CAREER-HIGH 50 Points For Nikola Jokic üÉè,https://www.youtube.com/watch?v=eBN5cogUUsI
9.5M views,Voyage x Breskvica - Beli Grad (Official Video) Prod. by Andre,https://www.youtube.com/watch?v=6jrwZmqq6xA
313K views,"Dr Nestorovic komentarise Fajzer vakcinu i ""misteriozni nestanak"" ebole nakon pojave Ruske vakcine!",https://www.youtube.com/watch?v=nCFIGGGVFUs
28M views,Cardi B - Up [Official Music Video],https://www.youtube.com/watch?v=rCiBgLOcuKU
183K views,"Uz Velju Nevolju uhapsite i Vazuru! Ub**jali na stadionu, to je osnovana sumnja - Milan Dumanoviƒá",https://www.youtube.com/watch?v=GIMHpzFe3uM
254K views,"CIRILICA - Jedna od najzustrijih emisija - Seselj, Nestorovic, Bokan i Ceda Jovanovic - (01.02.2021)",https://www.youtube.com/watch?v=TyPp4JDq__U
342K views,Specijal: VW Passat sa MILION kilometara!,https://www.youtube.com/watch?v=-IOgcW3KQzQ
224K views,Ceda Jovanovic napusta emisiju zbog optuzbi dr Seselja da je ucestvovao u Djindjicevom atentatu!,https://www.youtube.com/watch?v=lPxCTDhl5xI
5.3M views,11 Crazy Ways to Sneak Food Into the Hospital! Funny Situations & Edible DIY Ideas by Crafty Panda,https://www.youtube.com/watch?v=F23qliAYp08
5.4M views,Konfuz ‚Äî –†–∞—Ç–∞—Ç–∞ (Mood video),https://www.youtube.com/watch?v=BGJ9w88yKTo
493K views,TOZLA - LJUBAV (OFFICIAL VIDEO),https://www.youtube.com/watch?v=EQ9WZGfjQ8M
10M views,SIDEMEN TINDER IN REAL LIFE 3,https://www.youtube.com/watch?v=KF8I09WBtEI
285K views,"ƒêORƒêE MILUTINOVIƒÜ U SUZAMA NAKON ZADRUGE: Ne mo≈æe da boli ni jedan udarac, bitno da mi je obraz ƒçist",https://www.youtube.com/watch?v=8b4gidvx27Y
111K views,Dr. Nestoroviƒá Najavio Svoju Smrt i ƒåija je Meta - Postaƒáu Legenda - Doktor Zbunio Javnost,https://www.youtube.com/watch?v=7Usszn1CW8w
267K views,"NESTOROVIƒÜ UZBUNIO JAVNOST - Ko JE PRIMIO, SIGURNO NEƒÜE DOƒåEKATI PROLEƒÜE!?",https://www.youtube.com/watch?v=WAWpydxlaHc
97K views,JUTRO - Vulin: Snajper pronaƒëen | PRVA,https://www.youtube.com/watch?v=8d5mglIuZLA
30K views,Slagalica 08.02.2021.,https://www.youtube.com/watch?v=Xus8v33rDNY
7.9M views,Chiefs vs. Buccaneers | Super Bowl LV Game Highlights,https://www.youtube.com/watch?v=Gz5-NQROQGw
55K views,IZA≈†AO JE IZ PODZEMLJA SA PRIƒåAMA OD KOJIH STAJE DAH Neboj≈°a Tubiƒá ≈Ωabac u Sceniranju 07.02.2021.,https://www.youtube.com/watch?v=XFrXHO2qtq8
110K views,KAKO NAPRAVITI LOGO NA CNC | How to make a LOGO with a CNC machine,https://www.youtube.com/watch?v=gj_CP2og_ok
1.9M views,RIMSKI - KO KRIV JE? (OFFICIAL VIDEO),https://www.youtube.com/watch?v=s09LeHs_aSY
111K views,≈°ta sam shvatila posle raskida?,https://www.youtube.com/watch?v=daDt-34F-u4
222K views,ROMSKA PITA-Sto posto ukusnija od bureka!!Jednostavna i laka za pripremu da jednostavnije nemo≈æe!!,https://www.youtube.com/watch?v=85odLJbs1Z8
182K views,GLAMUR - SOKANTNO! Jelena Karleusa progovorila i otkrila pravu istinu o odnosu sa Duskom Tosicem!,https://www.youtube.com/watch?v=AxclM21F0zE
91K views,BISER NEDELJE - Veƒçe sa Ivanom Ivanoviƒáem 587.,https://www.youtube.com/watch?v=kz4XfghYvwM
150K views,DR≈ΩAVNI POSAO [HQ] - Ep.1529: Dobra reakcija (02.02.2021.),https://www.youtube.com/watch?v=zGL3yg41elw
126K views,Matea Milosavljeviƒá: ≈Ωivela sam na parkingu Ade Ciganlije! | GUGLALI SMO | S03E33,https://www.youtube.com/watch?v=nWdBZw7gM6o
582K views,Cunami - Hazla,https://www.youtube.com/watch?v=HxS-2H8utGA
17M views,World's Longest Field Goal- Robot vs NFL Kicker,https://www.youtube.com/watch?v=P_6my53IlxY
864K views,Brak na nevidjeno: Morbidna alternativka i bivsi kriminalac,https://www.youtube.com/watch?v=7y8HLo6oyD0
291K views,PRVI RAD NA CNC-u - MUDJA LOGO !,https://www.youtube.com/watch?v=PRhZs5Ttetk
539K views,"Zadruga 4 - Nikad ≈æustriji okr≈°aj Miljane i Kristijana, lom u Beloj kuƒái - 07.02.2021.",https://www.youtube.com/watch?v=2JqrW0ROy7M
159K views,Dr. Nestoroviƒá Saznao: Poƒçinju da Gase Pandemiju a Evo i Zbog ƒåega,https://www.youtube.com/watch?v=7f_T7b2DLGI
167K views,"DOBRO JUTRO, KOM≈†IJA \\ SEZONA 3 \\ EPIZODA 1 - TRAILER",https://www.youtube.com/watch?v=bHf-ixjBVq8
4.5M views,3D PEN VS GLUE GUN! 17 Cool Hacks And Crafts For You,https://www.youtube.com/watch?v=NI0PngB4-XQ
468K views,Mudja PODCAST / PRVI PODCAST #001,https://www.youtube.com/watch?v=Jn0Ts0_DOOw
28K views,"BIO SAM SAM U KUƒÜI, A ONDA JE DO≈†LA NINA GRUJIƒÜ...",https://www.youtube.com/watch?v=xVI8EbtTFgI
